{
  "Ansi 3 Color" : {
    "Red Component" : 0.9378662109375,
    "Color Space" : "sRGB",
    "Blue Component" : 0.067904284223914146,
    "Alpha Component" : 1,
    "Green Component" : 0.64235794215505004
  },
  "Tags" : [

  ],
  "Ansi 12 Color" : {
    "Red Component" : 0.41177750006318092,
    "Color Space" : "sRGB",
    "Blue Component" : 0.9056396484375,
    "Alpha Component" : 1,
    "Green Component" : 0.61396135993993539
  },
  "Ansi 5 Color" : {
    "Red Component" : 0.74091219741847614,
    "Color Space" : "sRGB",
    "Blue Component" : 0.967010498046875,
    "Alpha Component" : 1,
    "Green Component" : 0.35135580413043499
  },
  "Use Non-ASCII Font" : false,
  "Bold Color" : {
    "Red Component" : 0.40502813458442688,
    "Color Space" : "Calibrated",
    "Blue Component" : 0.4458891749382019,
    "Alpha Component" : 1,
    "Green Component" : 0.64997464418411255
  },
  "Right Option Key Sends" : 0,
  "Ansi 8 Color" : {
    "Red Component" : 0.24595648050308228,
    "Color Space" : "Calibrated",
    "Blue Component" : 0.28416141867637634,
    "Alpha Component" : 1,
    "Green Component" : 0.33650854229927063
  },
  "Ansi 9 Color" : {
    "Red Component" : 1,
    "Color Space" : "sRGB",
    "Blue Component" : 0.53093801252543926,
    "Alpha Component" : 1,
    "Green Component" : 0.36541748046875
  },
  "Rows" : 25,
  "Default Bookmark" : "No",
  "Ansi 7 Color" : {
    "Red Component" : 0.88581728935241699,
    "Color Space" : "Calibrated",
    "Blue Component" : 0.88580572605133057,
    "Alpha Component" : 1,
    "Green Component" : 0.88579070568084717
  },
  "Ansi 6 Color" : {
    "Red Component" : 0.16036016866564751,
    "Color Space" : "sRGB",
    "Blue Component" : 0.782470703125,
    "Alpha Component" : 1,
    "Green Component" : 0.70102373679105767
  },
  "Cursor Guide Color" : {
    "Red Component" : 0.64999997615814209,
    "Color Space" : "Calibrated",
    "Blue Component" : 1,
    "Alpha Component" : 0.25,
    "Green Component" : 0.9100000262260437
  },
  "Non-ASCII Anti Aliased" : true,
  "Use Bright Bold" : true,
  "Ansi 10 Color" : {
    "Red Component" : 0.6916728374962986,
    "Color Space" : "sRGB",
    "Blue Component" : 0.48256713151931763,
    "Alpha Component" : 1,
    "Green Component" : 0.82735532522201538
  },
  "Icon" : 0,
  "Ambiguous Double Width" : false,
  "Jobs to Ignore" : [
    "rlogin",
    "ssh",
    "slogin",
    "telnet"
  ],
  "Ansi 15 Color" : {
    "Red Component" : 1,
    "Color Space" : "Calibrated",
    "Blue Component" : 1,
    "Alpha Component" : 1,
    "Green Component" : 1
  },
  "Foreground Color" : {
    "Red Component" : 0.88286077976226807,
    "Color Space" : "Calibrated",
    "Blue Component" : 0.88284933567047119,
    "Alpha Component" : 1,
    "Green Component" : 0.88283431529998779
  },
  "Bound Hosts" : [

  ],
  "Working Directory" : "\/Users\/stephchin",
  "Blinking Cursor" : false,
  "Disable Window Resizing" : true,
  "Sync Title" : false,
  "Prompt Before Closing 2" : false,
  "BM Growl" : false,
  "Command" : "ssh schin@bastion.qcentrix.local",
  "Description" : "Default",
  "Mouse Reporting" : true,
  "Screen" : -1,
  "Selection Color" : {
    "Red Component" : 0.90521240234375,
    "Color Space" : "sRGB",
    "Blue Component" : 0.90521240234375,
    "Alpha Component" : 1,
    "Green Component" : 0.90521240234375
  },
  "Columns" : 80,
  "Idle Code" : 0,
  "Ansi 13 Color" : {
    "Red Component" : 0.84326960082560165,
    "Color Space" : "sRGB",
    "Blue Component" : 1,
    "Alpha Component" : 1,
    "Green Component" : 0.3125762939453125
  },
  "Custom Command" : "Yes",
  "ASCII Anti Aliased" : false,
  "Non Ascii Font" : "Monaco 12",
  "Vertical Spacing" : 1,
  "Use Bold Font" : true,
  "Option Key Sends" : 2,
  "Selected Text Color" : {
    "Red Component" : 0.20410214783623815,
    "Color Space" : "sRGB",
    "Blue Component" : 0.223541259765625,
    "Alpha Component" : 1,
    "Green Component" : 0.21844596764033497
  },
  "Background Color" : {
    "Red Component" : 0.29189571738243103,
    "Color Space" : "sRGB",
    "Blue Component" : 0.42236328125,
    "Alpha Component" : 1,
    "Green Component" : 0.34449602824224712
  },
  "Character Encoding" : 4,
  "Ansi 11 Color" : {
    "Red Component" : 1,
    "Color Space" : "Calibrated",
    "Blue Component" : 0.16078431904315948,
    "Alpha Component" : 1,
    "Green Component" : 0.72549021244049072
  },
  "Use Italic Font" : true,
  "Unlimited Scrollback" : true,
  "Keyboard Map" : {
    "0xf700-0x260000" : {
      "Text" : "[1;6A",
      "Action" : 10
    },
    "0x37-0x40000" : {
      "Text" : "0x1f",
      "Action" : 11
    },
    "0x32-0x40000" : {
      "Text" : "0x00",
      "Action" : 11
    },
    "0xf709-0x20000" : {
      "Text" : "[17;2~",
      "Action" : 10
    },
    "0xf70c-0x20000" : {
      "Text" : "[20;2~",
      "Action" : 10
    },
    "0xf729-0x20000" : {
      "Text" : "[1;2H",
      "Action" : 10
    },
    "0xf72b-0x40000" : {
      "Text" : "[1;5F",
      "Action" : 10
    },
    "0xf705-0x20000" : {
      "Text" : "[1;2Q",
      "Action" : 10
    },
    "0xf703-0x260000" : {
      "Text" : "[1;6C",
      "Action" : 10
    },
    "0xf700-0x220000" : {
      "Text" : "[1;2A",
      "Action" : 10
    },
    "0xf701-0x280000" : {
      "Text" : "0x1b 0x1b 0x5b 0x42",
      "Action" : 11
    },
    "0x38-0x40000" : {
      "Text" : "0x7f",
      "Action" : 11
    },
    "0x33-0x40000" : {
      "Text" : "0x1b",
      "Action" : 11
    },
    "0xf703-0x220000" : {
      "Text" : "[1;2C",
      "Action" : 10
    },
    "0xf701-0x240000" : {
      "Text" : "[1;5B",
      "Action" : 10
    },
    "0xf70d-0x20000" : {
      "Text" : "[21;2~",
      "Action" : 10
    },
    "0xf702-0x260000" : {
      "Text" : "[1;6D",
      "Action" : 10
    },
    "0xf729-0x40000" : {
      "Text" : "[1;5H",
      "Action" : 10
    },
    "0xf706-0x20000" : {
      "Text" : "[1;2R",
      "Action" : 10
    },
    "0x34-0x40000" : {
      "Text" : "0x1c",
      "Action" : 11
    },
    "0xf700-0x280000" : {
      "Text" : "0x1b 0x1b 0x5b 0x41",
      "Action" : 11
    },
    "0x2d-0x40000" : {
      "Text" : "0x1f",
      "Action" : 11
    },
    "0xf70e-0x20000" : {
      "Text" : "[23;2~",
      "Action" : 10
    },
    "0xf702-0x220000" : {
      "Text" : "[1;2D",
      "Action" : 10
    },
    "0xf703-0x280000" : {
      "Text" : "f",
      "Action" : 10
    },
    "0xf700-0x240000" : {
      "Text" : "[1;5A",
      "Action" : 10
    },
    "0xf707-0x20000" : {
      "Text" : "[1;2S",
      "Action" : 10
    },
    "0xf70a-0x20000" : {
      "Text" : "[18;2~",
      "Action" : 10
    },
    "0x35-0x40000" : {
      "Text" : "0x1d",
      "Action" : 11
    },
    "0xf70f-0x20000" : {
      "Text" : "[24;2~",
      "Action" : 10
    },
    "0xf703-0x240000" : {
      "Text" : "[1;5C",
      "Action" : 10
    },
    "0xf701-0x260000" : {
      "Text" : "[1;6B",
      "Action" : 10
    },
    "0xf702-0x280000" : {
      "Text" : "b",
      "Action" : 10
    },
    "0xf72b-0x20000" : {
      "Text" : "[1;2F",
      "Action" : 10
    },
    "0x36-0x40000" : {
      "Text" : "0x1e",
      "Action" : 11
    },
    "0xf708-0x20000" : {
      "Text" : "[15;2~",
      "Action" : 10
    },
    "0xf701-0x220000" : {
      "Text" : "[1;2B",
      "Action" : 10
    },
    "0xf70b-0x20000" : {
      "Text" : "[19;2~",
      "Action" : 10
    },
    "0xf702-0x240000" : {
      "Text" : "[1;5D",
      "Action" : 10
    },
    "0xf704-0x20000" : {
      "Text" : "[1;2P",
      "Action" : 10
    }
  },
  "Window Type" : 0,
  "Blink Allowed" : true,
  "Cursor Type" : 0,
  "Background Image Location" : "",
  "Blur" : false,
  "Badge Color" : {
    "Red Component" : 0.98594832420349121,
    "Color Space" : "Calibrated",
    "Blue Component" : 0.026950567960739136,
    "Alpha Component" : 0.5,
    "Green Component" : 0
  },
  "Scrollback Lines" : 0,
  "Send Code When Idle" : false,
  "Close Sessions On End" : true,